SET search_path TO lbaw2435;

-- POPULATE DATABASE
-- USERS
insert into Users (username, name, email, password, is_active) values ('hbrellin0', 'Hamil Brellin', 'hbrellin0@xrea.com', '$2a$04$ztD37YYYeiilaMhYwKIVTOWxr1lAud.fe5Ko5jcQdqEMC.oBP.l2O', true);
insert into Users (username, name, email, password, is_active) values ('kpeschmann1', 'Kristo Peschmann', 'kpeschmann1@edublogs.org', '$2a$04$IAuigNcjKssEHMcHFqkTEeNUDoD3IEGVLxwKwIF0lbcoF67NUTM7i', true);
insert into Users (username, name, email, password, is_active) values ('nspikings2', 'Nickolas Spikings', 'nspikings2@yahoo.co.jp', '$2a$04$ujyEJ1LF7KZNvh4weCUKHuiuAlqYyrvKqC/zh.NFX0EA7iYK2F/Va', true);
insert into Users (username, name, email, password, is_active) values ('mbatson3', 'Myrilla Batson', 'mbatson3@home.pl', '$2a$04$zwkBwn8fRCLpHpMkuwjwJud/k7BuILroNu3D0NkHWj7NrlX22AB/O', true);
insert into Users (username, name, email, password, is_active) values ('mkinkade4', 'Mareah Kinkade', 'mkinkade4@slideshare.net', '$2a$04$GX/2zaYED08d0fsuarAVkerO5XEm4KwRvae72vRNC4Gq32KSBwMSy', true);
insert into Users (username, name, email, password, is_active) values ('jweagener5', 'Julina Weagener', 'jweagener5@ed.gov', '$2a$04$uKNjaZH6FmaEJRq/bObc..00KATPYnTCixdOul6KbtKJx.Qh6zBr6', true);
insert into Users (username, name, email, password, is_active) values ('cfaveryear6', 'Cristobal Faveryear', 'cfaveryear6@printfriendly.com', '$2a$04$Aoeyt3a/Y4kB6d2VSa9JV.Y3d2w.bcZcapaL0P7KNkZA7wafyW2sq', true);
insert into Users (username, name, email, password, is_active) values ('rarrigucci7', 'Rowena Arrigucci', 'rarrigucci7@photobucket.com', '$2a$04$rrFIgJjmvkFzm8GkaB6cjeXou1lg232iSN402rKm9sbqGlT0/NOpC', true);
insert into Users (username, name, email, password, is_active) values ('ttibbetts8', 'Tove Tibbetts', 'ttibbetts8@adobe.com', '$2a$04$5qfCo9iWFvY00jQlRju5z.1Vg4aC.ih7sRWDvMkvBLpvJ8WecviCO', true);
insert into Users (username, name, email, password, is_active) values ('fevelyn9', 'Franciskus Evelyn', 'fevelyn9@usda.gov', '$2a$04$egGz5KnFdRsAiHlLwNiw7.3ZS0Byg36Qvr581LGgxKBXxxQXaHNHG', true);
insert into Users (username, name, email, password, is_active) values ('rhaycrofta', 'Roseanne Haycroft', 'rhaycrofta@amazon.co.uk', '$2a$04$BQcEGGn8cVfdVUN5O97pi.KaMlurZE7cSWIg7n5hj8p9aEWL8Rle2', true);
insert into Users (username, name, email, password, is_active) values ('mhackwellb', 'Munroe Hackwell', 'mhackwellb@clickbank.net', '$2a$04$5A2hHi0FJ7UFeZXlVfWOcOGIMoqu5fA1nJeBLkE2gXf6ZwSUCElXa', true);
insert into Users (username, name, email, password, is_active) values ('qjeaffresonc', 'Querida Jeaffreson', 'qjeaffresonc@answers.com', '$2a$04$xBuH87DcCqRafcWpEkUeLewf5BtQrfd.tmm5C2ypK00VKvlyUU1sG', true);
insert into Users (username, name, email, password, is_active) values ('nmorewoodd', 'Nil Morewood', 'nmorewoodd@gov.uk', '$2a$04$8LbId5LFKFhiUQ9xq5umnuHjdOyp8bWI116VISsn.iVE75Ifrovhu', true);
insert into Users (username, name, email, password, is_active) values ('agustuse', 'Akim Gustus', 'agustuse@addthis.com', '$2a$04$2YuIE4my5xv2aIxUUVe8hu07IfGVV.tCWcIBVA7vdwSvbz3DStqv6', true);
insert into Users (username, name, email, password, is_active) values ('cpearcef', 'Chip Pearce', 'cpearcef@toplist.cz', '$2a$04$TkRg.rwUKuE6Vj83BYv1tuGj2O7vcWVOevd2emFltepTdRdtgCZxa', true);
insert into Users (username, name, email, password, is_active) values ('sdumbellowg', 'Stu Dumbellow', 'sdumbellowg@yahoo.co.jp', '$2a$04$CezMAYWtb/35/mGX1YgVUeINMJoe9GKGFx4mhAI286RxEiTZ6hyFa', true);
insert into Users (username, name, email, password, is_active) values ('hcornierh', 'Hewet Cornier', 'hcornierh@alibaba.com', '$2a$04$JpHqsPkrIoAeAjfNnAS64uhepmXO/NeL8fJkQcLwI7z/3RmiBA8Je', true);
insert into Users (username, name, email, password, is_active) values ('mmainstoni', 'Meaghan Mainston', 'mmainstoni@hao123.com', '$2a$04$z3Gtsn1B.Ds8o2Munu4ZreIrwjVdkkOEuIMG6S6EJ0bcSij8LYaKO', true);
insert into Users (username, name, email, password, is_active) values ('tschusterlj', 'Thacher Schusterl', 'tschusterlj@state.gov', '$2a$04$13GC2Yq0jYq4Dpq36W7BneEmd1VBy9V6pEbTI8Qh1.421oWy0K0du', true);


-- ADMINISTRATOR
insert into Administrator (username, name, email, password) values ('ajeavons0', 'Aryn Jeavons', 'ajeavons0@youtube.com', '$2a$04$8oLFht1q3mBluhr9QmVji.oZ1VboLEL3m3i6Ra2dJnZsVAuKYPNH.');
insert into Administrator (username, name, email, password) values ('sbeckson1', 'Saxon Beckson', 'sbeckson1@feedburner.com', '$2a$04$irfv6UVFd5wJseTyvBFEq.h6KZ6/EGyPuQuIMC.BvJCNYAyL5naqq');
insert into Administrator (username, name, email, password) values ('apeffer2', 'Allix Peffer', 'apeffer2@nba.com', '$2a$04$DDqwRdaW5YbhOtfCzLWCVe2nxXZ5IQFD1eVE/UD1cZxNfe9Ouud9y');
insert into Administrator (username, name, email, password) values ('ebaird3', 'Ely Baird', 'ebaird3@canalblog.com', '$2a$04$w2f140crfq6RhNHkSPbysOTuJbvVUbZxvH6kxGzXeWOcdJdfVYZGG');
insert into Administrator (username, name, email, password) values ('jbarnewell4', 'Jameson Barnewell', 'jbarnewell4@patch.com', '$2a$04$KjrRrmujzf5AnIWXNVxql.F.J1U1abkHGxV51MwwgbTBF99zg0d/a');


-- BUYER
insert into Buyer (id, nif, birth_date, coins) values (1, 204514179, '1962-06-28', 151297);
insert into Buyer (id, nif, birth_date, coins) values (2, 202847662, '1996-10-12', 275623);
insert into Buyer (id, nif, birth_date, coins) values (3, 263252425, '1985-11-05', 400930);
insert into Buyer (id, nif, birth_date, coins) values (4, 209296387, '1974-06-09', 198817);
insert into Buyer (id, nif, birth_date, coins) values (5, 235322905, '1962-06-01', 298200);
insert into Buyer (id, nif, birth_date, coins) values (6, 237686039, '1978-02-19', 394376);
insert into Buyer (id, nif, birth_date, coins) values (7, 258088894, '1958-07-06', 465452);
insert into Buyer (id, nif, birth_date, coins) values (8, 244749380, '1951-07-27', 183371);
insert into Buyer (id, nif, birth_date, coins) values (9, 277064361, '1987-06-09', 87897);
insert into Buyer (id, nif, birth_date, coins) values (10, 255313470, '1990-05-17', 321725);


-- SELLER
insert into Seller (id) values (11);
insert into Seller (id) values (12);
insert into Seller (id) values (13);
insert into Seller (id) values (14);
insert into Seller (id) values (15);
insert into Seller (id) values (16);
insert into Seller (id) values (17);
insert into Seller (id) values (18);
insert into Seller (id) values (19);
insert into Seller (id) values (20);


-- GAME
insert into Game (name, description, minimum_age, price, overall_rating, owner, is_active) values ('Stormborn Alliance', 'Rain delay postpones game', 3, 110.53, 33, 11, true);
insert into Game (name, description, minimum_age, price, overall_rating, owner, is_active) values ('Spectral Knights', 'Controversial call decides the outcome', 5, 21.63, 6, 14, true);
insert into Game (name, description, minimum_age, price, overall_rating, owner, is_active) values ('Rogue Galaxy', 'Pitcher throws a no-hitter', 6, 59.65, 47, 11, true);
insert into Game (name, description, minimum_age, price, overall_rating, owner, is_active) values ('Reckoning of Kings', 'Team hits 5 home runs in a single game', 13, 69.55, 82, 15, true);
insert into Game (name, description, minimum_age, price, overall_rating, owner, is_active) values ('Arcane Rivals', 'Controversial call decides the outcome', 2, 43.35, 6, 16, true);
insert into Game (name, description, minimum_age, price, overall_rating, owner, is_active) values ('Quantum Surge', 'Pitcher throws a no-hitter', 15, 195.09, 27, 12, true);
insert into Game (name, description, minimum_age, price, overall_rating, owner, is_active) values ('Echoes of Eternity', 'Exciting comeback win in extra innings', 4, 24.09, 24, 11, true);
insert into Game (name, description, minimum_age, price, overall_rating, owner, is_active) values ('Steel Vanguard', 'Rain delay postpones game', 7, 156.87, 73, 15, true);
insert into Game (name, description, minimum_age, price, overall_rating, owner, is_active) values ('Lost Horizon', 'Controversial call decides the outcome', 15, 134.84, 18, 11, true);
insert into Game (name, description, minimum_age, price, overall_rating, owner, is_active) values ('Lost Horizon', 'Pitcher throws a no-hitter', 12, 22.36, 3, 11, true);
insert into Game (name, description, minimum_age, price, overall_rating, owner, is_active) values ('Arcane Rivals', 'Controversial call decides the outcome', 1, 128.95, 2, 13, true);
insert into Game (name, description, minimum_age, price, overall_rating, owner, is_active) values ('Stellar Depths', 'Rain delay postpones game', 4, 159.58, 56, 12, true);
insert into Game (name, description, minimum_age, price, overall_rating, owner, is_active) values ('Stormborn Alliance', 'Rain delay postpones game', 11, 199.81, 84, 17, true);
insert into Game (name, description, minimum_age, price, overall_rating, owner, is_active) values ('Project Genesis', 'Exciting comeback win in extra innings', 2, 175.92, 3, 11, true);
insert into Game (name, description, minimum_age, price, overall_rating, owner, is_active) values ('Phantom Abyss', 'Rain delay postpones game', 17, 101.03, 9, 13, true);
insert into Game (name, description, minimum_age, price, overall_rating, owner, is_active) values ('Stellar Depths', 'Controversial call decides the outcome', 13, 14.36, 7, 15, true);
insert into Game (name, description, minimum_age, price, overall_rating, owner, is_active) values ('Nova Odyssey', 'Exciting comeback win in extra innings', 15, 127.09, 23, 16, true);
insert into Game (name, description, minimum_age, price, overall_rating, owner, is_active) values ('Solar Strike', 'Controversial call decides the outcome', 17, 171.03, 9, 16, true);
insert into Game (name, description, minimum_age, price, overall_rating, owner, is_active) values ('Soulbound Warriors', 'Rain delay postpones game', 1, 36.92, 30, 15, true);
insert into Game (name, description, minimum_age, price, overall_rating, owner, is_active) values ('Reckoning of Kings', 'Team hits 5 home runs in a single game', 0, 58.93, 56, 20, true);
insert into Game (name, description, minimum_age, price, overall_rating, owner, is_active) values ('Empire of Shadows', 'Pitcher throws a no-hitter', 13, 18.07, 13, 17, true);
insert into Game (name, description, minimum_age, price, overall_rating, owner, is_active) values ('Empire of Shadows', 'Rain delay postpones game', 2, 37.12, 14, 15, true);
insert into Game (name, description, minimum_age, price, overall_rating, owner, is_active) values ('Lost Horizon', 'Controversial call decides the outcome', 7, 151.31, 57, 19, true);
insert into Game (name, description, minimum_age, price, overall_rating, owner, is_active) values ('Celestial Order', 'Exciting comeback win in extra innings', 0, 146.36, 59, 12, true);
insert into Game (name, description, minimum_age, price, overall_rating, owner, is_active) values ('Veil of Shadows', 'Pitcher throws a no-hitter', 12, 138.47, 6, 18, true);
insert into Game (name, description, minimum_age, price, overall_rating, owner, is_active) values ('Vortex Assault', 'Team hits 5 home runs in a single game', 0, 110.9, 4, 15, true);
insert into Game (name, description, minimum_age, price, overall_rating, owner, is_active) values ('Titanfall Eclipse', 'Team hits 5 home runs in a single game', 8, 83.41, 58, 11, true);
insert into Game (name, description, minimum_age, price, overall_rating, owner, is_active) values ('Iron Rebellion', 'Exciting comeback win in extra innings', 16, 133.58, 8, 12, true);
insert into Game (name, description, minimum_age, price, overall_rating, owner, is_active) values ('Soulbound Warriors', 'Team hits 5 home runs in a single game', 18, 41.92, 11, 15, true);
insert into Game (name, description, minimum_age, price, overall_rating, owner, is_active) values ('War of Realms', 'Exciting comeback win in extra innings', 16, 120.12, 45, 13, true);
insert into Game (name, description, minimum_age, price, overall_rating, owner, is_active) values ('Reckoning of Kings', 'Controversial call decides the outcome', 17, 57.23, 9, 16, true);
insert into Game (name, description, minimum_age, price, overall_rating, owner, is_active) values ('Aetherium Chronicles', 'Pitcher throws a no-hitter', 12, 151.65, 95, 19, true);
insert into Game (name, description, minimum_age, price, overall_rating, owner, is_active) values ('Eclipse Rising', 'Rain delay postpones game', 14, 101.05, 82, 13, true);
insert into Game (name, description, minimum_age, price, overall_rating, owner, is_active) values ('Solar Strike', 'Pitcher throws a no-hitter', 13, 157.48, 36, 18, true);
insert into Game (name, description, minimum_age, price, overall_rating, owner, is_active) values ('Iron Frontier', 'Exciting comeback win in extra innings', 6, 8.45, 86, 17, true);
insert into Game (name, description, minimum_age, price, overall_rating, owner, is_active) values ('Nova Odyssey', 'Rain delay postpones game', 0, 144.74, 89, 13, true);
insert into Game (name, description, minimum_age, price, overall_rating, owner, is_active) values ('Soulbound Warriors', 'Pitcher throws a no-hitter', 12, 56.79, 36, 19, true);
insert into Game (name, description, minimum_age, price, overall_rating, owner, is_active) values ('Mecha Legacy', 'Rain delay postpones game', 0, 75.18, 88, 19, true);
insert into Game (name, description, minimum_age, price, overall_rating, owner, is_active) values ('Veil of Shadows', 'Controversial call decides the outcome', 9, 8.79, 0, 11, true);
insert into Game (name, description, minimum_age, price, overall_rating, owner, is_active) values ('Project Genesis', 'Rain delay postpones game', 0, 166.01, 21, 19, true);
insert into Game (name, description, minimum_age, price, overall_rating, owner, is_active) values ('Eternal Nexus', 'Controversial call decides the outcome', 5, 156.04, 91, 11, true);
insert into Game (name, description, minimum_age, price, overall_rating, owner, is_active) values ('Fallen Stars', 'Controversial call decides the outcome', 8, 154.81, 34, 13, true);
insert into Game (name, description, minimum_age, price, overall_rating, owner, is_active) values ('Soulbound Warriors', 'Exciting comeback win in extra innings', 13, 18.43, 45, 20, true);
insert into Game (name, description, minimum_age, price, overall_rating, owner, is_active) values ('Quantum Surge', 'Team hits 5 home runs in a single game', 14, 185.58, 42, 14, true);
insert into Game (name, description, minimum_age, price, overall_rating, owner, is_active) values ('Iron Rebellion', 'Exciting comeback win in extra innings', 4, 92.56, 30, 17, true);
insert into Game (name, description, minimum_age, price, overall_rating, owner, is_active) values ('Kingdoms at War', 'Pitcher throws a no-hitter', 6, 85.75, 52, 14, true);
insert into Game (name, description, minimum_age, price, overall_rating, owner, is_active) values ('Veil of Shadows', 'Pitcher throws a no-hitter', 1, 101.17, 97, 14, true);
insert into Game (name, description, minimum_age, price, overall_rating, owner, is_active) values ('Astral Boundaries', 'Rain delay postpones game', 2, 116.29, 74, 11, true);
insert into Game (name, description, minimum_age, price, overall_rating, owner, is_active) values ('Solar Strike', 'Exciting comeback win in extra innings', 4, 55.51, 3, 14, true);
insert into Game (name, description, minimum_age, price, overall_rating, owner, is_active) values ('Galactic Forge', 'Exciting comeback win in extra innings', 0, 56.69, 0, 18, true);


-- CDK
insert into CDK (code, game) values ('bogpdonygAFJINTBUT080849020', 1);
insert into CDK (code, game) values ('ishpdlupnXUFXTMMSW266019043', 1);
insert into CDK (code, game) values ('khrdxauqgXYZABFHBQ435771672', 1);
insert into CDK (code, game) values ('itbyksibcJSJSAGFEV116380003', 1);
insert into CDK (code, game) values ('rmqanikasTFPANRKZD557999575', 1);
insert into CDK (code, game) values ('aihaetazqOCVCALZPA803729945Cs', 1);
insert into CDK (code, game) values ('zlmfwutlyBDMSCHZWC185074412={', 1);
insert into CDK (code, game) values ('aodckyrdkMMWPGTXHL829272688y', 1);
insert into CDK (code, game) values ('ncmlbvxrdIHCABVDGY579486039', 1);
insert into CDK (code, game) values ('dwiiduvkaAUQKQNREK775319786', 1);
insert into CDK (code, game) values ('bqydzvkvyUOJWOBBCO097829889`Rk', 2);
insert into CDK (code, game) values ('ldhyrjgysTTCEIILCO698706532', 2);
insert into CDK (code, game) values ('lcnwuetjjSGIMYAKYA076751155', 2);
insert into CDK (code, game) values ('plcjfcldcOGFIBVUUU209645792<{', 2);
insert into CDK (code, game) values ('sjyogxnmwDQDNCNEAQ328932046', 2);
insert into CDK (code, game) values ('eiicphrvwPMRLACLEJ008536380', 2);
insert into CDK (code, game) values ('ceordwikeDSAIXTGTX903563823', 3);
insert into CDK (code, game) values ('cexzwiascRWVLXPAKW258112390', 3);
insert into CDK (code, game) values ('xdonckvkzYHSLSWFCC513642659', 3);
insert into CDK (code, game) values ('jputsckmcVBEXIDXLX966427309', 3);
insert into CDK (code, game) values ('pfrgkzyptHCXZPOTGX706990660Np?', 3);
insert into CDK (code, game) values ('itdpipmmfCVQHRODFU743695427*Yl', 3);
insert into CDK (code, game) values ('urhxgmtkdPEMIOZMXX125848105', 3);
insert into CDK (code, game) values ('imfevlirqJNKYISABW683959743', 3);
insert into CDK (code, game) values ('kxniqxeeqMCMOHSCGH291976524', 3);
insert into CDK (code, game) values ('amjezxtsgLUUGIWQOO302084474', 4);
insert into CDK (code, game) values ('psozfhexqYOWODJAML757456171', 4);
insert into CDK (code, game) values ('zacsnaedjUZGSKWHZR127625634', 4);
insert into CDK (code, game) values ('zoghxhaanPVPOZGSXQ797095366', 4);
insert into CDK (code, game) values ('ruvhuikkwWZHGHCCPJ085706261', 4);
insert into CDK (code, game) values ('iwwgvxjimFSNOJBXHX913338000+"W', 4);
insert into CDK (code, game) values ('ytuqmdgbxADUVLJSBT189627646', 4);
insert into CDK (code, game) values ('vgemvzbmrNIWJXMFXG829604439', 4);
insert into CDK (code, game) values ('rouxhnfwfSEJHFCRAX220912664f''s', 4);
insert into CDK (code, game) values ('pgifczzeuVSKFCAVFO64002653008S', 4);
insert into CDK (code, game) values ('pnymwrnijLYTNWQTKW705678696', 5);
insert into CDK (code, game) values ('bwdyjfkejHCLHNXUHZ857583017', 5);
insert into CDK (code, game) values ('kmqdqkqxhGBQOHEJKQ014541745', 5);
insert into CDK (code, game) values ('ghelrynoyDTRMQRIAV801208219', 5);
insert into CDK (code, game) values ('bwbaqbsacMBCWWFZCE836477207', 5);
insert into CDK (code, game) values ('pqqgimoooGFEBGMULE115784063', 5);
insert into CDK (code, game) values ('dxgnnatorTAGSUJCJG725200196', 5);
insert into CDK (code, game) values ('cgfundvhoGRLRSONEP755851764', 5);
insert into CDK (code, game) values ('dflajjxkzGOBVDICGU325542452', 5);
insert into CDK (code, game) values ('glbwomgyrMHPNKQNKA965375266', 5);
insert into CDK (code, game) values ('buygsnsbdJJGUNMUVW592749715', 5);
insert into CDK (code, game) values ('bvipibdmkOEXKHMQQA237024598', 6);
insert into CDK (code, game) values ('zaagufmhkWMMUYRMON926526878''', 6);
insert into CDK (code, game) values ('cvmowsmtzESYFTKFSH248218697`', 6);
insert into CDK (code, game) values ('yytlzwhatGNJEADNGA722024406s#', 6);
insert into CDK (code, game) values ('cwkbiphnuDWPQPKJOT755860885', 6);
insert into CDK (code, game) values ('oquwurrsaBVCGOFIUR663218855', 6);
insert into CDK (code, game) values ('fuwzsnbilCHRHKENWD069567157', 6);
insert into CDK (code, game) values ('gotiuobtkQCLWKIPKO079488916', 6);
insert into CDK (code, game) values ('ztrjvaabyODXXLNMJD479913219', 6);
insert into CDK (code, game) values ('kbtetjdfmRHZFZKLBO684607959T', 6);
insert into CDK (code, game) values ('ojojbdqmhDJHRLMEOH592980938', 6);
insert into CDK (code, game) values ('nxqmuphicUQLUZPDCQ020111312', 7);
insert into CDK (code, game) values ('iggqxiilpNDDTDDETZ530738534g#U', 7);
insert into CDK (code, game) values ('ipbnzrqaqVKPVDMHGT5756109572R', 7);
insert into CDK (code, game) values ('hhljqjkoxKDVSWWRLS855415354m', 7);
insert into CDK (code, game) values ('dubasqgyqDYMLSBPWY783497692', 7);
insert into CDK (code, game) values ('hpgttslxjJTHJIOEED123099415', 7);
insert into CDK (code, game) values ('woehsoesmTDIEXVUXA765452056|`', 7);
insert into CDK (code, game) values ('fsmouavvrBCYXYMNPT480004407_jm', 7);
insert into CDK (code, game) values ('gdswkrhqsEHAXBKLHA079501075', 8);
insert into CDK (code, game) values ('hvwzkxxixKEWEAPPPI4463389314UD', 8);
insert into CDK (code, game) values ('jguavelkoTMWQQBBXI990105870', 8);
insert into CDK (code, game) values ('tmzdfxlxbRAMEGHGQM520466592oK>', 8);
insert into CDK (code, game) values ('iabsyirhfFVIIFGMZY622966041', 2);
insert into CDK (code, game) values ('skbvbaljmGFJKDGQEA120177584', 25);
insert into CDK (code, game) values ('inlmnfdboAGBHILIAD417135240', 23);
insert into CDK (code, game) values ('hrjmbsvflWQPFLVCGV635844205', 49);
insert into CDK (code, game) values ('hekagjubpGLCQNFJPW645765300', 40);
insert into CDK (code, game) values ('abrurslukOWPSEWAEH962720244', 4);
insert into CDK (code, game) values ('vzmugueglELEDZZDVR512646201', 27);
insert into CDK (code, game) values ('rngnlmykiLNMGNMBTT556036247o}', 10);
insert into CDK (code, game) values ('pvunutscqEERFBJIKO429585871', 8);
insert into CDK (code, game) values ('ispmuugqaAENFBMXZW571092941', 45);
insert into CDK (code, game) values ('tpszsyezhORHKZACGG266055641', 41);
insert into CDK (code, game) values ('pwycfsccmIMHFPYIXX332090687', 20);
insert into CDK (code, game) values ('dmwcdhdgmZIWPGKSJJ513457596', 20);
insert into CDK (code, game) values ('oscqgffftRLBHZFFRA061815439', 10);
insert into CDK (code, game) values ('fkxknppkbJQAQDWWCE562822466', 33);
insert into CDK (code, game) values ('pfntvyhyzPERLLGOOQ924483792p)', 21);
insert into CDK (code, game) values ('tmgmjmhplSUQVAOOBJ459931025', 34);
insert into CDK (code, game) values ('uxvylwvhlXLVMFNZFY446558257', 34);
insert into CDK (code, game) values ('vqawrjkvqHBWQQEAYO674074910', 20);
insert into CDK (code, game) values ('tqaknhybxCYGJQLWBW716573573"', 38);
insert into CDK (code, game) values ('tdoywrxsvDHBXULLUN598890241', 35);
insert into CDK (code, game) values ('wvnysglvpFDIJQYSTR817545689Hk~', 1);
insert into CDK (code, game) values ('vyuelchkbEHJEYJYZK438062037', 48);
insert into CDK (code, game) values ('cffstwbifDXYRKIUYC915108428', 21);
insert into CDK (code, game) values ('iekjysgdjFQIDDIETE228452039', 1);
insert into CDK (code, game) values ('impasaihnMEDPQOPAA1527298955T', 16);
insert into CDK (code, game) values ('aqroqfnceEPVHCOAFW151478594', 20);
insert into CDK (code, game) values ('udfkjctibDPNPAIJSL347024723', 23);
insert into CDK (code, game) values ('cvepflrsxJADTIRHBJ039211122', 10);
insert into CDK (code, game) values ('nxhzjknkjCJDJSJOWR926266113/', 1);
insert into CDK (code, game) values ('mtyzjvvxgSYFWAIRTW445178503', 30);
insert into CDK (code, game) values ('aqnmmkunfVHQVOWOFJ489605404', 6);
insert into CDK (code, game) values ('dpvdbwrgnJJCMASDMT280201033', 1);
insert into CDK (code, game) values ('hnvduotfxTKVAXLZMC572623512Q2q', 11);
insert into CDK (code, game) values ('rvbxitjieJSIBWDDQN370061772}r8', 9);
insert into CDK (code, game) values ('vtcgxnrcgAEWJUEBRJ879470925', 37);
insert into CDK (code, game) values ('xqhntmbemMLWQCMRWF577517323', 25);
insert into CDK (code, game) values ('icziyjihwCGDUWVQCO303585510', 49);
insert into CDK (code, game) values ('xbmazemdaBZFLNJWKK149063496', 19);
insert into CDK (code, game) values ('chjapqcpfLBSNBNNYA809752960', 15);
insert into CDK (code, game) values ('lhbygbfjsJJMDJSFXD836418852', 40);
insert into CDK (code, game) values ('bdeqtjounHJVJYEONC895426326', 14);
insert into CDK (code, game) values ('bfepqukwwLGCEMAMFX481179403', 11);
insert into CDK (code, game) values ('olbucnkgeKESOABJSF457701297', 22);
insert into CDK (code, game) values ('hzgpodlxhQIAHTHKEJ304711072', 7);
insert into CDK (code, game) values ('fzucbiyudWEWNFPJEN225190682', 20);
insert into CDK (code, game) values ('mspngumzcKUWXWJJPY960309969', 11);
insert into CDK (code, game) values ('ammfzgwhiLPRNSCMPR988557255', 32);
insert into CDK (code, game) values ('barrtlqhlWPMRRJPWP694887786', 46);
insert into CDK (code, game) values ('obucncsaaRMWEBHPLW926169139', 20);
insert into CDK (code, game) values ('yldwjxpkzJBFKRANPT962985372', 14);
insert into CDK (code, game) values ('ogsossshuXJRFASOPG222675887', 7);
insert into CDK (code, game) values ('jvtiotiobESJMJVOTU548308509', 27);
insert into CDK (code, game) values ('jauguvudvUMXCEJVQA165954491', 37);
insert into CDK (code, game) values ('sombjprhvHYNWGPHYU474485366', 49);
insert into CDK (code, game) values ('oukpzmptxDHRMKQPPD373180846', 20);
insert into CDK (code, game) values ('kcnuupgkyXAHSYBTUC953891322', 33);
insert into CDK (code, game) values ('ijmdifhubJPGRSSCPX388860871', 43);
insert into CDK (code, game) values ('gjkejqnzwDDCQVPEZY411466343', 43);
insert into CDK (code, game) values ('ajtnjvxmoKDSRGUULG871679749', 14);
insert into CDK (code, game) values ('lacrpbbjxVMGODKQWX183208607', 33);
insert into CDK (code, game) values ('reomlebhaVOLVIBUTM341333050', 36);
insert into CDK (code, game) values ('tibmardoxYLGMDRXFP653056722', 35);
insert into CDK (code, game) values ('pjltoclvzLRFYTJEIP852700226}q', 14);
insert into CDK (code, game) values ('vvpzkqqsqEREJNDMJK018161436', 10);
insert into CDK (code, game) values ('xesqikcizBRKGSISXY768978952', 41);
insert into CDK (code, game) values ('ooyhwruseYYHNCXZQK120670339', 44);
insert into CDK (code, game) values ('ikngbcyawSDTLRSSDK7188678987m', 34);
insert into CDK (code, game) values ('mlalavamlKLOVNJDQQ300193843', 36);
insert into CDK (code, game) values ('oahiyggeyXKVVHMYLT001872637', 4);
insert into CDK (code, game) values ('gbdpuxryhAZBEZJJEU491963164', 49);
insert into CDK (code, game) values ('ezapxovvcJJPVNWVOG799750719*', 49);
insert into CDK (code, game) values ('flrupvikdZMEQUCTTG032887513', 44);
insert into CDK (code, game) values ('korqztvqkAIAAZZXOY091118388', 37);
insert into CDK (code, game) values ('rwwjntunhVEVDEKDCD158178384U"', 31);
insert into CDK (code, game) values ('vwnxmcwhgBGBWAQRYY507579831', 38);
insert into CDK (code, game) values ('aedapdjcvNNUJFMIXT522160867', 16);
insert into CDK (code, game) values ('fooeikhtgUHZQKFZOV143982520', 40);
insert into CDK (code, game) values ('jxzlgklooGICJLVATI448196293t', 17);
insert into CDK (code, game) values ('glojfonyySWISTGFDS467131461', 13);
insert into CDK (code, game) values ('xbodpegeiEBDIRFBHC135973210', 46);
insert into CDK (code, game) values ('hrrmoybihLFXFMTMSX658723965', 22);
insert into CDK (code, game) values ('qqgbyqzwhZPYDBJPNT995811783', 7);
insert into CDK (code, game) values ('tfdyofaxjFLDOIFQYV183892120', 24);
insert into CDK (code, game) values ('ruxksezduJCJPJMORT992207977L>', 24);
insert into CDK (code, game) values ('kamqxxexkSNWEBQDPY859610393', 22);
insert into CDK (code, game) values ('bduthtwktAQQTUHYBY851972375', 39);
insert into CDK (code, game) values ('cluvxiudiHRRUWLYDO553476273', 36);
insert into CDK (code, game) values ('cyoxrwqwuOIZCGLJXI292565632', 39);
insert into CDK (code, game) values ('gujoratvvRJPZPZNHF758779795', 42);
insert into CDK (code, game) values ('juiwuxdwvEZDSKLYJT323530005', 31);
insert into CDK (code, game) values ('bxvktadbtRVYDPNAMF451206787', 16);
insert into CDK (code, game) values ('kbiexlepfCOXSYXXJJ931994803', 33);
insert into CDK (code, game) values ('achazyqnwBTXFHYAFY991906599LE', 27);
insert into CDK (code, game) values ('hhbufqbwjFQOAJCCPE400485979', 1);
insert into CDK (code, game) values ('jmmoczyoiCKFXTJJIW552021746', 10);
insert into CDK (code, game) values ('uqlqxsrjsYLMORJMTE480234794', 30);
insert into CDK (code, game) values ('zwezatshwRAXUGMAFA553624798', 14);
insert into CDK (code, game) values ('aocpnyikkHLMCWDMUK035080960', 22);
insert into CDK (code, game) values ('luhgecwzzTBYZWPEUE161985246', 16);
insert into CDK (code, game) values ('vnadwmvuyUEXTROCZX874199409', 3);
insert into CDK (code, game) values ('ldahswprqSEYIBYHEW275292884', 1);
insert into CDK (code, game) values ('crjvgdqnoPYSZBQPKK717882950', 37);
insert into CDK (code, game) values ('cloaumyjvEDEZIJYSN540094260)', 48);
insert into CDK (code, game) values ('byrqfewjpTMWQKKAUT151473973', 31);
insert into CDK (code, game) values ('exsqlzmixFNISCOHCA012068832', 38);
insert into CDK (code, game) values ('bmfdtrlhzWYNGCJZTS301327448', 20);
insert into CDK (code, game) values ('gbftpiohmFIWLOBGWP010495776', 38);
insert into CDK (code, game) values ('bacdgzjpaSNSIXWKAL683116124Q', 20);
insert into CDK (code, game) values ('iiiukdeoyHPEIUHIHP558455629', 13);
insert into CDK (code, game) values ('mgnzwhijuHYJGXJQQJ519478478', 39);
insert into CDK (code, game) values ('nsuihkomvTAEMSSHEU995907583', 6);
insert into CDK (code, game) values ('tasntjnwvBBCXMRKKT252013155', 17);
insert into CDK (code, game) values ('zcucqzkblMUQUJDOQP449175158', 9);
insert into CDK (code, game) values ('dlwnjywktRBJIEJRUE504193697', 43);
insert into CDK (code, game) values ('yrbacptefZQIKCZJHG227615217', 1);
insert into CDK (code, game) values ('ptxysaiesASBGAHSYZ273845592', 2);
insert into CDK (code, game) values ('rxypmyzcaJCFGCDZLK173686193', 37);
insert into CDK (code, game) values ('iswyajunyNTVBVNAIS378672181/=', 48);
insert into CDK (code, game) values ('fxtmaqpgpBVWRUKZWI532333854i', 17);
insert into CDK (code, game) values ('djafappmrKAPHIFORZ008197153', 20);
insert into CDK (code, game) values ('tevhbxzeqSWOKTIYYJ354463299', 25);
insert into CDK (code, game) values ('mexzetyumCDCKRJNUX839456224', 17);
insert into CDK (code, game) values ('pcafzuqgmMEOSNAZPZ687101830', 6);
insert into CDK (code, game) values ('flbyximaxHKPUQPVTH878452257', 11);
insert into CDK (code, game) values ('qvybqkmuhWZLZGSQIG277054160G7', 44);
insert into CDK (code, game) values ('tlbwcrjnkKAKSSEWMH530225515', 34);
insert into CDK (code, game) values ('qvituxpceCDFMZEGCJ701122906', 29);
insert into CDK (code, game) values ('oskbtqpgfTJLXXKXWZ140427999', 47);
insert into CDK (code, game) values ('lrmtxdtycMBUQSKBTV163992676', 33);
insert into CDK (code, game) values ('tkrxjjvqhEGGJOIORJ760414261', 30);
insert into CDK (code, game) values ('ckdyfvhvsZZXCFLFWF185215137', 38);
insert into CDK (code, game) values ('oygszwephLDUUFDHXG402391324', 44);
insert into CDK (code, game) values ('tsncsrzzzHQDDJSKTE308717373', 15);
insert into CDK (code, game) values ('kilpdcnkjWJYGFOJFR139861740', 46);
insert into CDK (code, game) values ('rrhgtkwbfQTDYIVFVA901570856', 38);
insert into CDK (code, game) values ('ftosbnyozRQPLFYEWG436687849plP', 4);
insert into CDK (code, game) values ('ymunzmxfkUIYBZIAYZ364673961OJ', 17);
insert into CDK (code, game) values ('itdmxywyqKSLMDUFBG604611137', 35);
insert into CDK (code, game) values ('btdovaxrkAZHXJQHOJ927459037', 14);
insert into CDK (code, game) values ('ldtgguijaDHAJEWZRD304673563', 13);
insert into CDK (code, game) values ('bgmssrqwrYKEOXLKRU994496899', 40);
insert into CDK (code, game) values ('cvzloftqbLJPIEMFPW243712903', 1);
insert into CDK (code, game) values ('fhouslgraXVQPPFPLY889661731''_', 42);
insert into CDK (code, game) values ('gdhtqksupEBTIYDTOZ115714354', 23);
insert into CDK (code, game) values ('wtfnagsylFRUBVQKJD142470461R', 40);
insert into CDK (code, game) values ('vwbmmoehbJCDQWDKGG292890747', 36);
insert into CDK (code, game) values ('gwiwmcytaJJTPUYJMW459719051I', 39);
insert into CDK (code, game) values ('gubgpbmbdXQKDUFHJW848052150', 6);
insert into CDK (code, game) values ('cfwulkadtHYPVKRSWD849838378', 21);
insert into CDK (code, game) values ('uqiyrcmabSQIHAXAVQ951003513', 26);
insert into CDK (code, game) values ('xcagoiryvWLKLMPEKZ770682827', 15);
insert into CDK (code, game) values ('uinlrbovgEXXADHSCV866257811', 35);
insert into CDK (code, game) values ('kvxkgzcufAOPEQAPOX901614213', 14);
insert into CDK (code, game) values ('dhwnwdmpxCITMXMRUJ225956382', 12);
insert into CDK (code, game) values ('uraqiwiyfUGCVMDGHR661169969wIN', 5);
insert into CDK (code, game) values ('jcnpwtdaoSIOSGIYCY319753029', 26);
insert into CDK (code, game) values ('ncnebwgxqBWEHYIVJT446706806', 48);
insert into CDK (code, game) values ('doulvtuwtVBXISOEAE286086094', 39);
insert into CDK (code, game) values ('dbkcwzdixDWQBAACOX312272519', 10);
insert into CDK (code, game) values ('naoumngsnZCQJFMWMA011008970', 29);
insert into CDK (code, game) values ('xaqynydeaBWHAAUDZP222384788', 38);
insert into CDK (code, game) values ('djggovfcyRFKIOWMYY909712819', 6);
insert into CDK (code, game) values ('yhhhgpcqvMPYWHFBLN889131921>m', 25);
insert into CDK (code, game) values ('wabafkgzuVBKRXCNZM739698857', 11);
insert into CDK (code, game) values ('bcrbpkokiYTJWIVYTV981041887', 15);
insert into CDK (code, game) values ('acvciitiuJDPUEHBNZ839039342', 1);
insert into CDK (code, game) values ('xglbfqhvwPHQMDRYXF578770794', 30);
insert into CDK (code, game) values ('agrcmozvzIKJZCGNNM151922909*', 25);
insert into CDK (code, game) values ('eviovplqlEGFYMCVTG831506857', 37);
insert into CDK (code, game) values ('lwykcdhyfSGVGFFDRH898011834', 41);
insert into CDK (code, game) values ('vzqlvxpvePVOTPUJFN012794610|M', 23);
insert into CDK (code, game) values ('fuyzowuxyDLUBJCUHC551563262', 32);
insert into CDK (code, game) values ('fxcribmkrHGPUPGWFL628831075', 12);
insert into CDK (code, game) values ('kvswygbdrMSHVFFULP880015649', 3);
insert into CDK (code, game) values ('bnhspfofuTYXDCFRKZ578022061', 38);
insert into CDK (code, game) values ('wmysexocpYQRUMCMQW547904272aVh', 25);
insert into CDK (code, game) values ('woorzliowFMJJPOGMK846884907', 10);
insert into CDK (code, game) values ('srzaukhwgECPWREOWE202990667', 15);
insert into CDK (code, game) values ('vigdncifgANAOKCJLU513697104', 30);
insert into CDK (code, game) values ('zftofbgyxXHZNNSBTH533636596', 39);
insert into CDK (code, game) values ('glhmmyxdvTWLHEXFJN612015751', 3);
insert into CDK (code, game) values ('rcxrjxbogABSCBNDMK612826823VG', 43);
insert into CDK (code, game) values ('dssaelgtwDVXHSERJX253879481', 19);
insert into CDK (code, game) values ('tyrtkphpeUJRVLRSTR025673707U', 11);
insert into CDK (code, game) values ('bryunheaeVGYZROTBD655624532', 7);
insert into CDK (code, game) values ('fqkxefufqNPVDJPUFO478443725', 20);
insert into CDK (code, game) values ('lvwumwseyHCSQVSCOX518466809', 45);
insert into CDK (code, game) values ('ztqqksgayRQGLLXKAK837156013', 3);
insert into CDK (code, game) values ('tchtqcqkiSEIQOXSGU687079089j8', 9);
insert into CDK (code, game) values ('buwmaibgaQOPXNLESM785425458N', 1);
insert into CDK (code, game) values ('bltftobomLNUBOALZD067744216', 23);
insert into CDK (code, game) values ('pdzhvzevkBLWSJYLFN346201821', 22);
insert into CDK (code, game) values ('gwxmrqolfIHEJRYWXY137942042', 42);
insert into CDK (code, game) values ('qcdonqofrLJIGMYDHT318856350', 48);
insert into CDK (code, game) values ('drbldltmmDJISZYLVM011648529Xei', 1);
insert into CDK (code, game) values ('eptcribniHFOWESTLG979089821ph)', 24);
insert into CDK (code, game) values ('kiohnzognNNIRTJCBF175427931i', 33);
insert into CDK (code, game) values ('azwuverjcOGBPYJUMT442052859', 30);
insert into CDK (code, game) values ('uqjrucoikOZUPMWDHL307729766', 32);
insert into CDK (code, game) values ('lwarwvrttBMWHSJRKQ400987215', 25);
insert into CDK (code, game) values ('kiirasimmOHUCYOKKH791817856', 11);
insert into CDK (code, game) values ('abmkpwrcnKSEDUDDWB546447475', 20);
insert into CDK (code, game) values ('kytqzkcgiCFJQEQGBU231826490', 37);
insert into CDK (code, game) values ('qdcsrmqodQXIQGDLRU432721027', 40);
insert into CDK (code, game) values ('woobdjchxVZEWAQDDY634470198', 21);
insert into CDK (code, game) values ('ogvkagtfyHXPXEVEGA654452453', 42);
insert into CDK (code, game) values ('pyocomrccEEJPTYPHY949035117', 8);
insert into CDK (code, game) values ('tzgbdqpiqBYQNKIYWY191074309', 41);
insert into CDK (code, game) values ('ghrahtvukGPIRAJWII344717805', 38);
insert into CDK (code, game) values ('gtexasufsUKPKBZCLV702785272', 9);
insert into CDK (code, game) values ('gierprueoLMZTKEYWX863008487', 5);
insert into CDK (code, game) values ('edluupcomHKYVMVNYG430159436L8', 33);
insert into CDK (code, game) values ('tmrqkxdccFHEDQUIKZ246672338', 29);
insert into CDK (code, game) values ('lbtdqfdjvHAFNSNIHZ886932495', 20);
insert into CDK (code, game) values ('cfxmrvzczCEWADRTIV853542346', 25);
insert into CDK (code, game) values ('vztjlrucnEAVKMICEC088506592', 1);
insert into CDK (code, game) values ('hxjfjojbwCYJURZLUI342907658&Q', 37);
insert into CDK (code, game) values ('jodbxdvwhNSCPSDBHJ831528488', 8);
insert into CDK (code, game) values ('quyjhluicZZKGZAJOY273247020', 22);
insert into CDK (code, game) values ('hbljnrszwJOARFZYTP073042537', 4);
insert into CDK (code, game) values ('kcjfchfylEXLFXNZZS575236636', 46);
insert into CDK (code, game) values ('flirypyrqNSATZOSPV990106066', 37);
insert into CDK (code, game) values ('cvofxabdrYXUGDVBTM471348242', 39);
insert into CDK (code, game) values ('cpsxkemmoQTXXFVCKM774446970j', 21);
insert into CDK (code, game) values ('mfwwpnzdzLLFWOMDUE755307618', 9);
insert into CDK (code, game) values ('kfhixxsrtSIUVFSQPT635543171lTF', 47);
insert into CDK (code, game) values ('dsjqkicycGZZSUXACZ259929559', 19);
insert into CDK (code, game) values ('aljidbpwaBIDNVCRJR000767115', 16);
insert into CDK (code, game) values ('qhdvmtdlvDPRVRYMYU408812647', 21);
insert into CDK (code, game) values ('oogdktoacCTBQVWEZI820516516', 5);
insert into CDK (code, game) values ('odabieswjEOPUOJQMU151308660', 46);
insert into CDK (code, game) values ('qvfidxfeaKRXBIQXVJ973526174', 26);
insert into CDK (code, game) values ('drsqkdwyuWHWPDEUAH897473452|', 29);
insert into CDK (code, game) values ('ydckkdjsrFOSLEYCZX8479937424f', 21);
insert into CDK (code, game) values ('ajxvsvibcVCFTPBFAM628235829', 44);
insert into CDK (code, game) values ('kkxgtttdhLXEDGLFYY667444246', 12);
insert into CDK (code, game) values ('qzgdwxsdtBRHCUBQVP936802290', 48);
insert into CDK (code, game) values ('upwxkcyokMVSUHVTGL904441768', 49);
insert into CDK (code, game) values ('fmzukuzzeXUOBUSDAT030730283', 35);
insert into CDK (code, game) values ('sixwvdbzvXQAPCMQQT428194850', 26);
insert into CDK (code, game) values ('wszyfqlscBAYTGYWDG328228047', 38);
insert into CDK (code, game) values ('fqpuajoadPHQDDEZPY442959505', 12);
insert into CDK (code, game) values ('tqffsipkgHUWYNSBXY758438583', 1);
insert into CDK (code, game) values ('uxcowoydnYODPWOMUY854818738', 22);
insert into CDK (code, game) values ('vfedjbjfeDTWGKFBZT107587214', 21);
insert into CDK (code, game) values ('oktbpjqlpEHDTRIMHP876631196', 15);
insert into CDK (code, game) values ('bcpkyncfoPPWJXPCYR636001367', 17);
insert into CDK (code, game) values ('jcspworbdGGCCLDBDC663384672', 9);
insert into CDK (code, game) values ('zycsqexgkWVBNQJSPG014223270', 10);
insert into CDK (code, game) values ('ebksdbgapMKDEDAGBA636820484', 45);
insert into CDK (code, game) values ('grmxvywypOOMHTHLKI238298145', 23);
insert into CDK (code, game) values ('wzpouhiynMSYCDQEVM538654949', 45);
insert into CDK (code, game) values ('viemkfapaPPJCDHEEJ907565247', 8);
insert into CDK (code, game) values ('bfhejghamIZMBWRMUH052172519', 41);
insert into CDK (code, game) values ('yivsluwpnCGWLHVLKG108745553', 36);
insert into CDK (code, game) values ('eerbhrmirSAEXUVTSS887263502', 10);
insert into CDK (code, game) values ('ctqhbnpaqRUMWJNLBB748817813', 24);
insert into CDK (code, game) values ('bwxipufxnYNGIGGAYC677318698ozg', 28);
insert into CDK (code, game) values ('nxxmwzdacRBXJITFTW534994502', 9);
insert into CDK (code, game) values ('ohxaceihpTKFJHYMRS98081241225r', 39);
insert into CDK (code, game) values ('rwmhqtzxkUBPIDQCUS907302792', 34);
insert into CDK (code, game) values ('wdgtxhhtkSEVNUHGWJ459185076', 40);
insert into CDK (code, game) values ('iyztzguuySAKDKJPAL925350500', 45);
insert into CDK (code, game) values ('nburgcyqyMWTPQSLNY214452251', 14);
insert into CDK (code, game) values ('tzxytbbpiMZUJFTNYE030540180', 41);
insert into CDK (code, game) values ('xzlvhjvsoLTKILUFQR589138020', 47);
insert into CDK (code, game) values ('exfjjmxxyDXLTJAXLC968538204<', 32);
insert into CDK (code, game) values ('nrybqkvhbZYSHFPILN340736047', 6);
insert into CDK (code, game) values ('ishzldhcnUKYHILHKA112883839', 31);
insert into CDK (code, game) values ('qfdgcpdueJERVVMXSS209811762', 23);
insert into CDK (code, game) values ('swzrlpjkzAVYLODKGE162468549', 35);
insert into CDK (code, game) values ('czmpbdilqJVHZAWWZE715699718', 42);
insert into CDK (code, game) values ('doillkbubAMWXRCRHB922294131YF', 35);
insert into CDK (code, game) values ('vsfbrailjWITVPYOLR024819439', 3);
insert into CDK (code, game) values ('xhnzuxrepMAONRXNHB298085990', 43);
insert into CDK (code, game) values ('kxzrtookyXBTJOWNKW880706969', 26);
insert into CDK (code, game) values ('tvtlbxpzoUBOPZJGXY376496565', 43);
insert into CDK (code, game) values ('gxdniwoneFLEZGAJKD271614513', 16);
insert into CDK (code, game) values ('bkjtnrfatFFAEJAJKI177597882', 30);
insert into CDK (code, game) values ('slskkjwvdGYJBTEOTB531139833', 9);
insert into CDK (code, game) values ('aslichxqhSQBRODMHA480088770g', 3);
insert into CDK (code, game) values ('fojnfujkvCDLHVCMXC654087771', 9);
insert into CDK (code, game) values ('uhiiuiabaSSVITXSEK085350214', 11);
insert into CDK (code, game) values ('ayduuoxctVJYUMMMVM064301271', 39);
insert into CDK (code, game) values ('bpgjlfmrzKVXPYBJQT273854318', 8);
insert into CDK (code, game) values ('hjkhsljwfSCRXRXOKI096161657', 22);
insert into CDK (code, game) values ('hdrhfnhheQQZVDJCFG710009430', 27);
insert into CDK (code, game) values ('ouxukbfxxHQCQCXUAV970424016', 28);
insert into CDK (code, game) values ('gjlyvzzhqNNTAVKZVU973540123', 47);
insert into CDK (code, game) values ('cutliyhjxZMXIOCFUX190358917', 27);
insert into CDK (code, game) values ('jxnwwfsmeAPJIZKAWR938242161', 48);
insert into CDK (code, game) values ('ncivuhmadDPZCEABGA764563960r', 13);
insert into CDK (code, game) values ('kfnxzdcygZXHGHKQHC772556629', 36);
insert into CDK (code, game) values ('lmfjctuiuXRURHQPCH104644229', 12);
insert into CDK (code, game) values ('nvulczvkfYWKKEXSYA061301916', 13);
insert into CDK (code, game) values ('kirspytoiMWBIEXADX108462674', 29);
insert into CDK (code, game) values ('kavxmpkfeLTDYJLPDH176115573', 16);
insert into CDK (code, game) values ('kllnvawajLAZEMFMLU801512761nN', 35);
insert into CDK (code, game) values ('awzfbzbmlMHBFZSMGG162703957', 9);
insert into CDK (code, game) values ('uvxaltyntRKAYVKCLJ5672847803', 13);
insert into CDK (code, game) values ('zzvkaxplxIGGPYGCKJ570768837l&M', 19);
insert into CDK (code, game) values ('mhcjpsddqNWJIRHRUJ355711100', 24);
insert into CDK (code, game) values ('myccmwnwtHIMIGAKFO0712372677', 1);
insert into CDK (code, game) values ('igvyjmdizRNQHFSEBW367584992', 29);
insert into CDK (code, game) values ('znthjdefrKXGOWNMTD0124563363_', 22);
insert into CDK (code, game) values ('fdyedqdwqPGYJYSLFV445818875', 1);
insert into CDK (code, game) values ('ooupkjaptLEKYHYAEV856334950', 6);
insert into CDK (code, game) values ('modddpbjcLLYLJSZZF551705691*b', 37);
insert into CDK (code, game) values ('qrqxtlfkkWTNAPDSOA329764176', 31);
insert into CDK (code, game) values ('lxbvckfjvZSLMUJBQA832975583', 7);
insert into CDK (code, game) values ('sdyentgndKRCGJJSRC169738024', 5);
insert into CDK (code, game) values ('czfnqrugsWBFSJZHWF353493349', 27);
insert into CDK (code, game) values ('sxypdxzhdWAUJPMXJU851970135!b', 10);
insert into CDK (code, game) values ('cbphwiltnSEOPTDNIT069689747', 38);
insert into CDK (code, game) values ('xjkqgkikeNHIDMXKTM979421016\GX', 14);
insert into CDK (code, game) values ('ypwgznavcTBEDWQLNZ301601147!F', 46);
insert into CDK (code, game) values ('whebuwhdlOYMXTHDGA963630571uuV', 8);
insert into CDK (code, game) values ('ejonzylsvXOPBMOTJW825472219', 23);
insert into CDK (code, game) values ('lgxhlzougAEDYTHBNL968753781', 13);
insert into CDK (code, game) values ('agwbkeivkNMXDEISCD011911354/6', 7);
insert into CDK (code, game) values ('dpjillxvqONWPAQXMA054073036', 8);
insert into CDK (code, game) values ('nepkaaqdpVZVVXUBYK357336903', 2);
insert into CDK (code, game) values ('vdkqxsbykEKAUMPCVR366148740', 27);
insert into CDK (code, game) values ('dlcmspjooWTAWDAWLO516871277', 11);
insert into CDK (code, game) values ('okkhwfvdvUDPAIUYTG394476051m9''', 41);
insert into CDK (code, game) values ('ivzbtjfdxNQBROQBPK075555871', 6);
insert into CDK (code, game) values ('qkjdcymzyXWCHYVOFF624174111', 21);
insert into CDK (code, game) values ('vgvhlxcmmVQMKDKGFF660860504', 6);
insert into CDK (code, game) values ('mtotexgozKFAHDRBQI139789634', 4);
insert into CDK (code, game) values ('rtlkomrisDEFKKTBNJ001086108(,,', 45);
insert into CDK (code, game) values ('lknheynnhHMDAIRSVV040354994./', 33);
insert into CDK (code, game) values ('lrkmblsxiHKFNVFRJN788626184', 6);
insert into CDK (code, game) values ('mdjeecwonIBISYCFQB436507812', 16);
insert into CDK (code, game) values ('epjyixkroQRCNQBUGP226830410', 6);
insert into CDK (code, game) values ('ocbvqdpwjRCRBKFZPC588089619', 28);
insert into CDK (code, game) values ('dgwfvibnqQZLOVJUNE864009456', 2);
insert into CDK (code, game) values ('ikvkpcbvtVTUBSCOBH057624614', 26);
insert into CDK (code, game) values ('imidtsxwdFQDCJJMQL341512515', 13);
insert into CDK (code, game) values ('sodcpglisIHDAFRWCK940635376', 49);
insert into CDK (code, game) values ('hpzloeekpSIHQBIWNX247515632', 50);
insert into CDK (code, game) values ('gzhfflxwzDFYEYYYJC071751976', 28);
insert into CDK (code, game) values ('pompadqdiXRTFHLBTM113918956', 12);
insert into CDK (code, game) values ('oebvbxiefRTBRMXXFC644976901z#t', 25);
insert into CDK (code, game) values ('gzpajphdmSGCWAZMMJ930592717', 42);
insert into CDK (code, game) values ('ppduzlopvLIYJFHXCE824449166', 4);
insert into CDK (code, game) values ('aqvgnzxmqNMGJBOVGU849996717', 40);
insert into CDK (code, game) values ('wxncavixkNVXHQFGQI010142588', 17);
insert into CDK (code, game) values ('sekkewjymPLVGAGKLP304116306', 49);
insert into CDK (code, game) values ('jzlzzozpfHPUALTLOX022672984wiq', 13);
insert into CDK (code, game) values ('thamcdsjfUFYWFQHJC983925026+n', 11);
insert into CDK (code, game) values ('rxmxkqufzUADKAJYWO251309047', 46);
insert into CDK (code, game) values ('adpznmfueDNNDYTUFN589029578', 41);
insert into CDK (code, game) values ('dtbwsssshXNGCFGZYV949327645', 17);
insert into CDK (code, game) values ('vulfrqphgSCZZDUESV774408243', 2);
insert into CDK (code, game) values ('fnkkuwpzbGRKZYXRLM426573685', 13);
insert into CDK (code, game) values ('vjdttprpbOBSDJXBMX349419615', 36);
insert into CDK (code, game) values ('brqmmmnrhEQHYDODCP488798098', 38);
insert into CDK (code, game) values ('zzogieazhMHOQAKHUD449109836', 17);
insert into CDK (code, game) values ('djenpbiqpTJBVLNQWR556779268', 1);
insert into CDK (code, game) values ('ajjxqwzjuUCBXWFNWY622555971', 25);
insert into CDK (code, game) values ('tcwizcmxuMKAQCRPPS613618533', 34);
insert into CDK (code, game) values ('mjhkrhvslJQSFWIROV018838401', 44);
insert into CDK (code, game) values ('cfrmevnorFIVPYXZMY708441657', 10);
insert into CDK (code, game) values ('egerdzfkgDJOEDFNAM900603017', 25);
insert into CDK (code, game) values ('rbyethfkuVNLEQZXUF477660425', 23);
insert into CDK (code, game) values ('vcdlrkdopZHTEEEGEL705642006', 45);
insert into CDK (code, game) values ('tsnohdbrlMGMZFIJDT448321470', 21);
insert into CDK (code, game) values ('escqcbrhmCWFJGXCAB346986527', 13);
insert into CDK (code, game) values ('qjjphsjwbVEKNTLJSX882086311', 9);
insert into CDK (code, game) values ('spxjpsypvFKYMQSVRF821048051SM', 39);
insert into CDK (code, game) values ('dzztqxeyhQORBERMJM411455011', 27);
insert into CDK (code, game) values ('pmrgdxcwzDRZRJJEBO334339925', 49);
insert into CDK (code, game) values ('xyrtxqhfpIQNWWEZWZ987297910', 42);
insert into CDK (code, game) values ('lxmgkpycpULIAEJGGH400918763Rpc', 40);
insert into CDK (code, game) values ('qyzpwhnupICSXZOTWS332859198', 30);
insert into CDK (code, game) values ('uyxfonhbiSDFOZMZKC104729750', 16);
insert into CDK (code, game) values ('iafhlwbovPMSMYWIIU271253099', 40);
insert into CDK (code, game) values ('elthlasavLLPJUHAZT480229658bQ@', 17);
insert into CDK (code, game) values ('otpnqjasjQZRTOQHXJ940594657', 26);
insert into CDK (code, game) values ('zekzustfoUXZAMCWLO437737871', 37);
insert into CDK (code, game) values ('yczmovvjmAICGJEZLO039597370', 28);
insert into CDK (code, game) values ('cakvbtbamEUSTUXGFI960724030', 29);
insert into CDK (code, game) values ('wtmangqbjCPYQRMZRK188342009', 2);
insert into CDK (code, game) values ('xvtpafnyzHOHLGUJWM019866263$_', 8);
insert into CDK (code, game) values ('hcxjyedakPPEXWYODG103372530', 40);
insert into CDK (code, game) values ('afinsdhraOFTXCTUWC258249091', 18);
insert into CDK (code, game) values ('ftcqsulpqYUDYRDXFS858044483', 27);
insert into CDK (code, game) values ('ztwmupdhlHHEJPLLGL130912815J/m', 36);
insert into CDK (code, game) values ('voimtaauoNNFRTVSLO118484926', 29);
insert into CDK (code, game) values ('bfxtvxxalKOXRYXHSD109793243', 14);
insert into CDK (code, game) values ('sknfjtgwwAPDTMJSUQ090527018QO', 19);
insert into CDK (code, game) values ('dtucwmrnsATHIHGOXO529872928', 35);
insert into CDK (code, game) values ('rwfamygxiSCSFBVKQT149258280', 21);
insert into CDK (code, game) values ('rujajnsecFENACVWCP072980995', 41);
insert into CDK (code, game) values ('cniazwhbwCPWGDGGUI112263452', 28);
insert into CDK (code, game) values ('ppcwlwwrzBPBDZZMLI746806875', 29);
insert into CDK (code, game) values ('nfdxkbwjpQKXJFWPGY750726939', 30);
insert into CDK (code, game) values ('flexcpxbaAAKUDSQOF892535085P''', 9);
insert into CDK (code, game) values ('lcdabzxpdRXAQOXSPK032743103', 25);
insert into CDK (code, game) values ('xilaifojnICDYDXNRD917143371', 31);
insert into CDK (code, game) values ('wtyxhhlrkRFFVEWKUL795842011', 3);
insert into CDK (code, game) values ('ggswmdywpCBEEPGDQG484002862', 24);
insert into CDK (code, game) values ('mruhtvokfHKOSJTTZM471525896Z(>', 45);
insert into CDK (code, game) values ('yblonhuouMMYRSUQII850508408', 36);
insert into CDK (code, game) values ('hdjxbdtzcYNCUGQPCQ728538285', 32);
insert into CDK (code, game) values ('kiamnaieaOGYLRZWGY140781082', 12);
insert into CDK (code, game) values ('cfgverqxaGTYIZRCMI117714832', 43);
insert into CDK (code, game) values ('mqildntpuRKOXVIAYV051849681', 4);
insert into CDK (code, game) values ('zstwzorebZUZMOMUKD221947709', 24);
insert into CDK (code, game) values ('pofdfzlfpZZRFUTNFM545868638', 8);
insert into CDK (code, game) values ('rlgvfxmwyWSEANPNXM0996138356', 46);
insert into CDK (code, game) values ('gtgemzobxHRUJAGPGC246078670_', 1);
insert into CDK (code, game) values ('docbtlzjkGSVDEVPZO073622166', 47);
insert into CDK (code, game) values ('ifdmnpyaiBWOUEMPOJ198133648e', 33);
insert into CDK (code, game) values ('wtdyqztvbNXZZJFJIS948785671', 28);
insert into CDK (code, game) values ('uatmjntzsKPPAAEEQC061343293', 5);
insert into CDK (code, game) values ('qncoulineXFGQQBWCQ278582377', 1);
insert into CDK (code, game) values ('grlcebhqqHNYPTRACL791445321', 41);
insert into CDK (code, game) values ('zafjpllbkEXNEWQHBS456719511', 44);
insert into CDK (code, game) values ('cxluakqvkAXDFUQUIT066840144', 35);
insert into CDK (code, game) values ('zaaottutyRJZRGVDKZ036875937', 31);
insert into CDK (code, game) values ('retewuoasDJDBLQXFQ116236730EBi', 2);
insert into CDK (code, game) values ('znpgmafepFZXHLDRDH398956949', 22);
insert into CDK (code, game) values ('zehgllsbuHQLFWNSQQ053204629', 40);
insert into CDK (code, game) values ('grzwmvcsbBZCBSBTVS195751137', 6);
insert into CDK (code, game) values ('abodanvilTCDKRMTMG668575532V', 24);
insert into CDK (code, game) values ('iugrqqbxdGPMAMACHO051245811', 22);
insert into CDK (code, game) values ('arwtsemgbRUCETVCHW026517710', 6);
insert into CDK (code, game) values ('zrnfxdfqxSQJZOAXQS381178119', 41);
insert into CDK (code, game) values ('qdvlgkonfNHXSZZYUZ320410894', 34);


-- GAME STOCK
insert into GameStock (game, quantity) values (1, 20);
insert into GameStock (game, quantity) values (2, 25);
insert into GameStock (game, quantity) values (3, 12);
insert into GameStock (game, quantity) values (4, 15);
insert into GameStock (game, quantity) values (5, 9);
insert into GameStock (game, quantity) values (6, 27);
insert into GameStock (game, quantity) values (7, 28);
insert into GameStock (game, quantity) values (8, 20);
insert into GameStock (game, quantity) values (9, 19);
insert into GameStock (game, quantity) values (10, 27);
insert into GameStock (game, quantity) values (11, 4);
insert into GameStock (game, quantity) values (12, 18);
insert into GameStock (game, quantity) values (13, 9);
insert into GameStock (game, quantity) values (14, 19);
insert into GameStock (game, quantity) values (15, 0);
insert into GameStock (game, quantity) values (16, 7);
insert into GameStock (game, quantity) values (17, 19);
insert into GameStock (game, quantity) values (18, 20);
insert into GameStock (game, quantity) values (19, 4);
insert into GameStock (game, quantity) values (20, 15);
insert into GameStock (game, quantity) values (21, 4);
insert into GameStock (game, quantity) values (22, 24);
insert into GameStock (game, quantity) values (23, 30);
insert into GameStock (game, quantity) values (24, 23);
insert into GameStock (game, quantity) values (25, 27);
insert into GameStock (game, quantity) values (26, 24);
insert into GameStock (game, quantity) values (27, 22);
insert into GameStock (game, quantity) values (28, 17);
insert into GameStock (game, quantity) values (29, 28);
insert into GameStock (game, quantity) values (30, 20);
insert into GameStock (game, quantity) values (31, 24);
insert into GameStock (game, quantity) values (32, 27);
insert into GameStock (game, quantity) values (33, 25);
insert into GameStock (game, quantity) values (34, 10);
insert into GameStock (game, quantity) values (35, 29);
insert into GameStock (game, quantity) values (36, 3);
insert into GameStock (game, quantity) values (37, 16);
insert into GameStock (game, quantity) values (38, 2);
insert into GameStock (game, quantity) values (39, 24);
insert into GameStock (game, quantity) values (40, 14);
insert into GameStock (game, quantity) values (41, 1);
insert into GameStock (game, quantity) values (42, 17);
insert into GameStock (game, quantity) values (43, 6);
insert into GameStock (game, quantity) values (44, 3);
insert into GameStock (game, quantity) values (45, 3);
insert into GameStock (game, quantity) values (46, 4);
insert into GameStock (game, quantity) values (47, 14);
insert into GameStock (game, quantity) values (48, 16);
insert into GameStock (game, quantity) values (49, 20);
insert into GameStock (game, quantity) values (50, 0);


-- PLATFORM
insert into Platform (name) values ('Steam');
insert into Platform (name) values ('Origin');
insert into Platform (name) values ('Uplay');
insert into Platform (name) values ('Epic Games');


-- CATEGORY (33)
insert into Category (name) values ('Action');
insert into Category (name) values ('Adventure');
insert into Category (name) values ('RPG');
insert into Category (name) values ('Simulation');
insert into Category (name) values ('Strategy');
insert into Category (name) values ('Sports');
insert into Category (name) values ('Horror');
insert into Category (name) values ('Puzzle');
insert into Category (name) values ('Racing');
insert into Category (name) values ('Fighting');
insert into Category (name) values ('Shooter');
insert into Category (name) values ('Survival');
insert into Category (name) values ('MMORPG');
insert into Category (name) values ('MOBA');
insert into Category (name) values ('Battle Royale');
insert into Category (name) values ('Sandbox');
insert into Category (name) values ('Open World');
insert into Category (name) values ('Stealth');
insert into Category (name) values ('Hack and Slash');
insert into Category (name) values ('Platformer');
insert into Category (name) values ('Metroidvania');
insert into Category (name) values ('Roguelike');
insert into Category (name) values ('Rhythm');
insert into Category (name) values ('Educational');
insert into Category (name) values ('Party');
insert into Category (name) values ('Music');
insert into Category (name) values ('Card');
insert into Category (name) values ('Board');
insert into Category (name) values ('Casual');
insert into Category (name) values ('Arcade');
insert into Category (name) values ('PvP');
insert into Category (name) values ('PvE');
insert into Category (name) values ('Co-op');


-- LANGUAGE (22)
insert into Language (name) values ('English');
insert into Language (name) values ('Spanish');
insert into Language (name) values ('French');
insert into Language (name) values ('German');
insert into Language (name) values ('Italian');
insert into Language (name) values ('Portuguese');
insert into Language (name) values ('Russian');
insert into Language (name) values ('Japanese');
insert into Language (name) values ('Chinese');
insert into Language (name) values ('Korean');
insert into Language (name) values ('Arabic');
insert into Language (name) values ('Turkish');
insert into Language (name) values ('Dutch');
insert into Language (name) values ('Polish');
insert into Language (name) values ('Swedish');
insert into Language (name) values ('Danish');
insert into Language (name) values ('Norwegian');
insert into Language (name) values ('Finnish');
insert into Language (name) values ('Greek');
insert into Language (name) values ('Czech');
insert into Language (name) values ('Hungarian');
insert into Language (name) values ('Other');


-- PLAYER
insert into Player (name) values ('SinglePlayer');
insert into Player (name) values ('MultiPlayer');


-- GAME PLAFORM
insert into GamePlatform (game, platform) values (1, 2);
insert into GamePlatform (game, platform) values (2, 1);
insert into GamePlatform (game, platform) values (3, 4);
insert into GamePlatform (game, platform) values (4, 4);
insert into GamePlatform (game, platform) values (5, 4);
insert into GamePlatform (game, platform) values (6, 2);
insert into GamePlatform (game, platform) values (7, 4);
insert into GamePlatform (game, platform) values (8, 3);
insert into GamePlatform (game, platform) values (9, 4);
insert into GamePlatform (game, platform) values (10, 3);
insert into GamePlatform (game, platform) values (11, 2);
insert into GamePlatform (game, platform) values (12, 2);
insert into GamePlatform (game, platform) values (13, 4);
insert into GamePlatform (game, platform) values (14, 1);
insert into GamePlatform (game, platform) values (15, 4);
insert into GamePlatform (game, platform) values (16, 3);
insert into GamePlatform (game, platform) values (17, 3);
insert into GamePlatform (game, platform) values (18, 3);
insert into GamePlatform (game, platform) values (19, 3);
insert into GamePlatform (game, platform) values (20, 2);
insert into GamePlatform (game, platform) values (21, 3);
insert into GamePlatform (game, platform) values (22, 2);
insert into GamePlatform (game, platform) values (23, 1);
insert into GamePlatform (game, platform) values (24, 2);
insert into GamePlatform (game, platform) values (25, 3);
insert into GamePlatform (game, platform) values (26, 3);
insert into GamePlatform (game, platform) values (27, 2);
insert into GamePlatform (game, platform) values (28, 3);
insert into GamePlatform (game, platform) values (29, 4);
insert into GamePlatform (game, platform) values (30, 2);
insert into GamePlatform (game, platform) values (31, 2);
insert into GamePlatform (game, platform) values (32, 3);
insert into GamePlatform (game, platform) values (33, 4);
insert into GamePlatform (game, platform) values (34, 2);
insert into GamePlatform (game, platform) values (35, 1);
insert into GamePlatform (game, platform) values (36, 3);
insert into GamePlatform (game, platform) values (37, 1);
insert into GamePlatform (game, platform) values (38, 4);
insert into GamePlatform (game, platform) values (39, 2);
insert into GamePlatform (game, platform) values (40, 3);
insert into GamePlatform (game, platform) values (41, 3);
insert into GamePlatform (game, platform) values (42, 4);
insert into GamePlatform (game, platform) values (43, 1);
insert into GamePlatform (game, platform) values (44, 3);
insert into GamePlatform (game, platform) values (45, 1);
insert into GamePlatform (game, platform) values (46, 3);
insert into GamePlatform (game, platform) values (47, 4);
insert into GamePlatform (game, platform) values (48, 3);
insert into GamePlatform (game, platform) values (49, 3);
insert into GamePlatform (game, platform) values (50, 3);
insert into GamePlatform (game, platform) values (1, 3);
insert into GamePlatform (game, platform) values (2, 2);
insert into GamePlatform (game, platform) values (3, 1);
insert into GamePlatform (game, platform) values (4, 2);
insert into GamePlatform (game, platform) values (5, 2);
insert into GamePlatform (game, platform) values (6, 1);
insert into GamePlatform (game, platform) values (7, 1);
insert into GamePlatform (game, platform) values (8, 2);
insert into GamePlatform (game, platform) values (9, 1);
insert into GamePlatform (game, platform) values (10, 2);
insert into GamePlatform (game, platform) values (11, 1);
insert into GamePlatform (game, platform) values (12, 4);
insert into GamePlatform (game, platform) values (13, 2);
insert into GamePlatform (game, platform) values (14, 4);
insert into GamePlatform (game, platform) values (15, 1);
insert into GamePlatform (game, platform) values (16, 2);
insert into GamePlatform (game, platform) values (17, 2);
insert into GamePlatform (game, platform) values (18, 2);
insert into GamePlatform (game, platform) values (19, 1);
insert into GamePlatform (game, platform) values (20, 1);
insert into GamePlatform (game, platform) values (21, 4);
insert into GamePlatform (game, platform) values (22, 3);
insert into GamePlatform (game, platform) values (23, 3);
insert into GamePlatform (game, platform) values (24, 3);
insert into GamePlatform (game, platform) values (25, 2);
insert into GamePlatform (game, platform) values (26, 2);
insert into GamePlatform (game, platform) values (27, 1);
insert into GamePlatform (game, platform) values (28, 1);
insert into GamePlatform (game, platform) values (29, 2);
insert into GamePlatform (game, platform) values (30, 3);
insert into GamePlatform (game, platform) values (31, 1);
insert into GamePlatform (game, platform) values (32, 1);
insert into GamePlatform (game, platform) values (33, 3);
insert into GamePlatform (game, platform) values (34, 3);
insert into GamePlatform (game, platform) values (35, 2);
insert into GamePlatform (game, platform) values (36, 4);
insert into GamePlatform (game, platform) values (37, 2);
insert into GamePlatform (game, platform) values (38, 3);
insert into GamePlatform (game, platform) values (39, 1);
insert into GamePlatform (game, platform) values (40, 1);
insert into GamePlatform (game, platform) values (41, 2);
insert into GamePlatform (game, platform) values (42, 1);
insert into GamePlatform (game, platform) values (43, 2);
insert into GamePlatform (game, platform) values (44, 2);
insert into GamePlatform (game, platform) values (45, 2);
insert into GamePlatform (game, platform) values (46, 4);
insert into GamePlatform (game, platform) values (47, 2);
insert into GamePlatform (game, platform) values (48, 2);
insert into GamePlatform (game, platform) values (49, 1);
insert into GamePlatform (game, platform) values (50, 4);


-- GAME CATEGORY
insert into GameCategory (game, category) values (1, 21);
insert into GameCategory (game, category) values (2, 17);
insert into GameCategory (game, category) values (3, 4);
insert into GameCategory (game, category) values (4, 2);
insert into GameCategory (game, category) values (5, 14);
insert into GameCategory (game, category) values (6, 25);
insert into GameCategory (game, category) values (7, 28);
insert into GameCategory (game, category) values (8, 27);
insert into GameCategory (game, category) values (9, 22);
insert into GameCategory (game, category) values (10, 8);
insert into GameCategory (game, category) values (11, 3);
insert into GameCategory (game, category) values (12, 12);
insert into GameCategory (game, category) values (13, 26);
insert into GameCategory (game, category) values (14, 11);
insert into GameCategory (game, category) values (15, 23);
insert into GameCategory (game, category) values (16, 24);
insert into GameCategory (game, category) values (17, 11);
insert into GameCategory (game, category) values (18, 30);
insert into GameCategory (game, category) values (19, 24);
insert into GameCategory (game, category) values (20, 4);
insert into GameCategory (game, category) values (21, 7);
insert into GameCategory (game, category) values (22, 4);
insert into GameCategory (game, category) values (23, 21);
insert into GameCategory (game, category) values (24, 6);
insert into GameCategory (game, category) values (25, 18);
insert into GameCategory (game, category) values (26, 24);
insert into GameCategory (game, category) values (27, 4);
insert into GameCategory (game, category) values (28, 13);
insert into GameCategory (game, category) values (29, 26);
insert into GameCategory (game, category) values (30, 18);
insert into GameCategory (game, category) values (31, 25);
insert into GameCategory (game, category) values (32, 30);
insert into GameCategory (game, category) values (33, 22);
insert into GameCategory (game, category) values (34, 13);
insert into GameCategory (game, category) values (35, 22);
insert into GameCategory (game, category) values (36, 13);
insert into GameCategory (game, category) values (37, 18);
insert into GameCategory (game, category) values (38, 2);
insert into GameCategory (game, category) values (39, 25);
insert into GameCategory (game, category) values (40, 18);
insert into GameCategory (game, category) values (41, 32);
insert into GameCategory (game, category) values (42, 13);
insert into GameCategory (game, category) values (43, 18);
insert into GameCategory (game, category) values (44, 27);
insert into GameCategory (game, category) values (45, 6);
insert into GameCategory (game, category) values (46, 27);
insert into GameCategory (game, category) values (47, 31);
insert into GameCategory (game, category) values (48, 3);
insert into GameCategory (game, category) values (49, 28);
insert into GameCategory (game, category) values (50, 28);
insert into GameCategory (game, category) values (1, 11);
insert into GameCategory (game, category) values (2, 8);
insert into GameCategory (game, category) values (3, 15);
insert into GameCategory (game, category) values (4, 24);
insert into GameCategory (game, category) values (5, 33);
insert into GameCategory (game, category) values (6, 17);
insert into GameCategory (game, category) values (7, 17);
insert into GameCategory (game, category) values (8, 19);
insert into GameCategory (game, category) values (9, 3);
insert into GameCategory (game, category) values (10, 4);
insert into GameCategory (game, category) values (11, 13);
insert into GameCategory (game, category) values (12, 21);
insert into GameCategory (game, category) values (13, 21);
insert into GameCategory (game, category) values (14, 12);
insert into GameCategory (game, category) values (15, 14);
insert into GameCategory (game, category) values (16, 18);
insert into GameCategory (game, category) values (17, 25);
insert into GameCategory (game, category) values (18, 32);
insert into GameCategory (game, category) values (19, 12);
insert into GameCategory (game, category) values (20, 8);
insert into GameCategory (game, category) values (21, 2);
insert into GameCategory (game, category) values (22, 13);
insert into GameCategory (game, category) values (23, 9);
insert into GameCategory (game, category) values (24, 33);
insert into GameCategory (game, category) values (25, 24);
insert into GameCategory (game, category) values (26, 3);
insert into GameCategory (game, category) values (27, 6);
insert into GameCategory (game, category) values (28, 15);
insert into GameCategory (game, category) values (29, 30);
insert into GameCategory (game, category) values (30, 19);
insert into GameCategory (game, category) values (31, 11);
insert into GameCategory (game, category) values (32, 13);
insert into GameCategory (game, category) values (33, 16);
insert into GameCategory (game, category) values (34, 26);
insert into GameCategory (game, category) values (35, 25);
insert into GameCategory (game, category) values (36, 17);
insert into GameCategory (game, category) values (37, 23);
insert into GameCategory (game, category) values (38, 16);
insert into GameCategory (game, category) values (39, 9);
insert into GameCategory (game, category) values (40, 26);
insert into GameCategory (game, category) values (41, 29);
insert into GameCategory (game, category) values (42, 26);
insert into GameCategory (game, category) values (43, 25);
insert into GameCategory (game, category) values (44, 18);
insert into GameCategory (game, category) values (45, 7);
insert into GameCategory (game, category) values (46, 19);
insert into GameCategory (game, category) values (47, 24);
insert into GameCategory (game, category) values (48, 5);
insert into GameCategory (game, category) values (49, 8);
insert into GameCategory (game, category) values (50, 12);


-- GAME LANGUAGE
insert into GameLanguage (game, language) values (1, 4);
insert into GameLanguage (game, language) values (2, 17);
insert into GameLanguage (game, language) values (3, 6);
insert into GameLanguage (game, language) values (4, 8);
insert into GameLanguage (game, language) values (5, 11);
insert into GameLanguage (game, language) values (6, 13);
insert into GameLanguage (game, language) values (7, 16);
insert into GameLanguage (game, language) values (8, 8);
insert into GameLanguage (game, language) values (9, 6);
insert into GameLanguage (game, language) values (10, 6);
insert into GameLanguage (game, language) values (11, 19);
insert into GameLanguage (game, language) values (12, 4);
insert into GameLanguage (game, language) values (13, 20);
insert into GameLanguage (game, language) values (14, 9);
insert into GameLanguage (game, language) values (15, 10);
insert into GameLanguage (game, language) values (16, 14);
insert into GameLanguage (game, language) values (17, 15);
insert into GameLanguage (game, language) values (18, 14);
insert into GameLanguage (game, language) values (19, 11);
insert into GameLanguage (game, language) values (20, 21);
insert into GameLanguage (game, language) values (21, 22);
insert into GameLanguage (game, language) values (22, 6);
insert into GameLanguage (game, language) values (23, 15);
insert into GameLanguage (game, language) values (24, 13);
insert into GameLanguage (game, language) values (25, 8);
insert into GameLanguage (game, language) values (26, 14);
insert into GameLanguage (game, language) values (27, 13);
insert into GameLanguage (game, language) values (28, 5);
insert into GameLanguage (game, language) values (29, 22);
insert into GameLanguage (game, language) values (30, 17);
insert into GameLanguage (game, language) values (31, 17);
insert into GameLanguage (game, language) values (32, 4);
insert into GameLanguage (game, language) values (33, 21);
insert into GameLanguage (game, language) values (34, 4);
insert into GameLanguage (game, language) values (35, 13);
insert into GameLanguage (game, language) values (36, 19);
insert into GameLanguage (game, language) values (37, 6);
insert into GameLanguage (game, language) values (38, 9);
insert into GameLanguage (game, language) values (39, 9);
insert into GameLanguage (game, language) values (40, 20);
insert into GameLanguage (game, language) values (41, 7);
insert into GameLanguage (game, language) values (42, 11);
insert into GameLanguage (game, language) values (43, 5);
insert into GameLanguage (game, language) values (44, 22);
insert into GameLanguage (game, language) values (45, 12);
insert into GameLanguage (game, language) values (46, 13);
insert into GameLanguage (game, language) values (47, 10);
insert into GameLanguage (game, language) values (48, 12);
insert into GameLanguage (game, language) values (49, 7);
insert into GameLanguage (game, language) values (50, 1);
insert into GameLanguage (game, language) values (1, 16);
insert into GameLanguage (game, language) values (2, 13);
insert into GameLanguage (game, language) values (3, 11);
insert into GameLanguage (game, language) values (4, 21);
insert into GameLanguage (game, language) values (5, 9);
insert into GameLanguage (game, language) values (6, 1);
insert into GameLanguage (game, language) values (7, 3);
insert into GameLanguage (game, language) values (8, 21);
insert into GameLanguage (game, language) values (9, 20);
insert into GameLanguage (game, language) values (10, 15);
insert into GameLanguage (game, language) values (11, 6);
insert into GameLanguage (game, language) values (12, 13);
insert into GameLanguage (game, language) values (13, 17);
insert into GameLanguage (game, language) values (14, 2);
insert into GameLanguage (game, language) values (15, 19);
insert into GameLanguage (game, language) values (16, 12);
insert into GameLanguage (game, language) values (17, 1);
insert into GameLanguage (game, language) values (18, 8);
insert into GameLanguage (game, language) values (19, 14);
insert into GameLanguage (game, language) values (20, 7);
insert into GameLanguage (game, language) values (21, 14);
insert into GameLanguage (game, language) values (22, 14);
insert into GameLanguage (game, language) values (23, 10);
insert into GameLanguage (game, language) values (24, 11);
insert into GameLanguage (game, language) values (25, 20);
insert into GameLanguage (game, language) values (26, 12);
insert into GameLanguage (game, language) values (27, 21);
insert into GameLanguage (game, language) values (28, 12);
insert into GameLanguage (game, language) values (29, 8);
insert into GameLanguage (game, language) values (30, 2);
insert into GameLanguage (game, language) values (31, 10);
insert into GameLanguage (game, language) values (32, 1);
insert into GameLanguage (game, language) values (33, 19);
insert into GameLanguage (game, language) values (34, 16);
insert into GameLanguage (game, language) values (35, 19);
insert into GameLanguage (game, language) values (36, 9);
insert into GameLanguage (game, language) values (37, 16);
insert into GameLanguage (game, language) values (38, 8);
insert into GameLanguage (game, language) values (39, 7);
insert into GameLanguage (game, language) values (40, 3);
insert into GameLanguage (game, language) values (41, 6);
insert into GameLanguage (game, language) values (42, 12);
insert into GameLanguage (game, language) values (43, 6);
insert into GameLanguage (game, language) values (44, 5);
insert into GameLanguage (game, language) values (45, 19);
insert into GameLanguage (game, language) values (46, 12);
insert into GameLanguage (game, language) values (47, 9);
insert into GameLanguage (game, language) values (48, 7);
insert into GameLanguage (game, language) values (49, 10);
insert into GameLanguage (game, language) values (50, 7);


-- GAME PLAYER
insert into GamePlayer (game, player) values (1, 1);
insert into GamePlayer (game, player) values (2, 2);
insert into GamePlayer (game, player) values (3, 2);
insert into GamePlayer (game, player) values (4, 1);
insert into GamePlayer (game, player) values (5, 2);
insert into GamePlayer (game, player) values (6, 1);
insert into GamePlayer (game, player) values (7, 2);
insert into GamePlayer (game, player) values (8, 2);
insert into GamePlayer (game, player) values (9, 1);
insert into GamePlayer (game, player) values (10, 2);
insert into GamePlayer (game, player) values (11, 2);
insert into GamePlayer (game, player) values (12, 1);
insert into GamePlayer (game, player) values (13, 1);
insert into GamePlayer (game, player) values (14, 1);
insert into GamePlayer (game, player) values (15, 2);
insert into GamePlayer (game, player) values (16, 1);
insert into GamePlayer (game, player) values (17, 1);
insert into GamePlayer (game, player) values (18, 1);
insert into GamePlayer (game, player) values (19, 1);
insert into GamePlayer (game, player) values (20, 1);
insert into GamePlayer (game, player) values (21, 1);
insert into GamePlayer (game, player) values (21, 2);
insert into GamePlayer (game, player) values (22, 2);
insert into GamePlayer (game, player) values (22, 1);
insert into GamePlayer (game, player) values (23, 2);
insert into GamePlayer (game, player) values (23, 1);
insert into GamePlayer (game, player) values (24, 2);
insert into GamePlayer (game, player) values (24, 1);
insert into GamePlayer (game, player) values (25, 2);
insert into GamePlayer (game, player) values (25, 1);
insert into GamePlayer (game, player) values (26, 2);
insert into GamePlayer (game, player) values (26, 1);
insert into GamePlayer (game, player) values (27, 2);
insert into GamePlayer (game, player) values (27, 1);
insert into GamePlayer (game, player) values (28, 2);
insert into GamePlayer (game, player) values (28, 1);
insert into GamePlayer (game, player) values (29, 2);
insert into GamePlayer (game, player) values (29, 1);
insert into GamePlayer (game, player) values (30, 1);
insert into GamePlayer (game, player) values (31, 2);
insert into GamePlayer (game, player) values (32, 1);
insert into GamePlayer (game, player) values (33, 1);
insert into GamePlayer (game, player) values (34, 2);
insert into GamePlayer (game, player) values (35, 1);
insert into GamePlayer (game, player) values (36, 2);
insert into GamePlayer (game, player) values (37, 1);
insert into GamePlayer (game, player) values (38, 2);
insert into GamePlayer (game, player) values (39, 1);
insert into GamePlayer (game, player) values (40, 1);
insert into GamePlayer (game, player) values (41, 1);
insert into GamePlayer (game, player) values (42, 2);
insert into GamePlayer (game, player) values (43, 1);
insert into GamePlayer (game, player) values (44, 2);
insert into GamePlayer (game, player) values (45, 1);
insert into GamePlayer (game, player) values (46, 2);
insert into GamePlayer (game, player) values (47, 2);
insert into GamePlayer (game, player) values (48, 2);
insert into GamePlayer (game, player) values (49, 1);
insert into GamePlayer (game, player) values (50, 2);


-- PaymentMethod
insert into PaymentMethod (name) values ('Credit Card');
insert into PaymentMethod (name) values ('PayPal');
insert into PaymentMethod (name) values ('MB Way');


-- Payment
insert into Payment (method, value) values (1, 304.71);


-- Orders
insert into Orders (buyer, payment, time) values (1, 1, '2021-06-01 12:00:00');


-- Purchase
insert into Purchase (value, order_, coins) values (110.53, 1, 0);
insert into Purchase (value, order_, coins) values (21.63, 1, 0);
insert into Purchase (value, order_, coins) values (59.65, 1, 0);
insert into Purchase (value, order_, coins) values (69.55, 1, 0);
insert into Purchase (value, order_, coins) values (43.35, 1, 0);


-- Delivered Purchase
insert into DeliveredPurchase (id, cdk) values (1, 1);
insert into DeliveredPurchase (id, cdk) values (2, 11);
insert into DeliveredPurchase (id, cdk) values (3, 17);
insert into DeliveredPurchase (id, cdk) values (4, 26);
insert into DeliveredPurchase (id, cdk) values (5, 32);


-- Review
insert into Review (title, description, positive, author, game) values ('Very good', 'I like it', true, 1, 1);
insert into Review (title, description, positive, author, game) values ('Very good', 'I like it', true, 1, 2);
insert into Review (title, description, positive, author, game) values ('Very bad', 'I dont like it', false, 1, 3);
insert into Review (title, description, positive, author, game) values ('Very bad', 'I dont like it', false, 1, 4);
insert into Review (title, description, positive, author, game) values ('Very good', 'I like it', true, 1, 5);


-- Review Like
insert into ReviewLike (review, author) values (1, 2);
insert into ReviewLike (review, author) values (1, 3);
insert into ReviewLike (review, author) values (1, 4);
insert into ReviewLike (review, author) values (1, 5);
insert into ReviewLike (review, author) values (1, 6);
insert into ReviewLike (review, author) values (1, 7);
insert into ReviewLike (review, author) values (1, 8);
insert into ReviewLike (review, author) values (1, 9);


-- Reason
insert into Reason (description) values ('Inappropriate behavior');
insert into Reason (description) values ('Spamming');
insert into Reason (description) values ('Harassment');
insert into Reason (description) values ('Cheating');
insert into Reason (description) values ('Offensive language');
insert into Reason (description) values ('Impersonation');
insert into Reason (description) values ('Violation of terms of service');
insert into Reason (description) values ('Posting illegal content');


-- FAQ
insert into FAQ (question, answer) values ('How do I redeem a CDK?', 'To redeem a CDK, you must go to the platform where the game is available and enter the code in the corresponding section.');
insert into FAQ (question, answer) values ('What is a CDK?', 'A CDK is a code that allows you to download a game from a digital platform.');
insert into FAQ (question, answer) values ('What is the difference between a CDK and a game key?', 'There is no difference, both terms refer to the same thing.');
insert into FAQ (question, answer) values ('How do I know if a CDK is valid?', 'You can check if a CDK is valid by entering it in the corresponding section of the platform where the game is available.');
insert into FAQ (question, answer) values ('Can I use a CDK more than once?', 'No, a CDK can only be used once.');
insert into FAQ (question, answer) values ('Can I return a CDK?', 'No, CDKs cannot be returned.');


-- ABOUT 
insert into About (content) values ('This website was created as a project for the Web Development course at the University of Oviedo.');


-- CONTACT
insert into Contacts (contact) values ('contact@steal.com');
